id,antes,apresentou,após,atendimento,atrasou,bastante,boa,bom,chegou,comprar,danificada,de,defeito,demorou,dentro,dias,dificuldade,do,eficiente,embalagem,entrega,errado,excelente,experiência,foi,gostei,informou,mas,motivo,muito,ninguém,não,para,porém,poucos,prazo,problema,produto,qualidade,recebi,resolvido,ruim,rápido,tive,trocar,uso,voltarei
1,0.4681688160785855,0.0,0.0,0.34819095351083795,0.0,0.0,0.0,0.0,0.3979862655597767,0.0,0.0,0.0,0.0,0.0,0.0,0.0,0.0,0.34819095351083795,0.0,0.0,0.0,0.0,0.3979862655597767,0.0,0.0,0.0,0.0,0.0,0.0,0.0,0.0,0.0,0.0,0.0,0.0,0.3979862655597767,0.0,0.25132623562881623,0.0,0.0,0.0,0.0,0.0,0.0,0.0,0.0,0.0
2,0.0,0.377672163584192,0.377672163584192,0.0,0.0,0.0,0.0,0.0,0.0,0.0,0.0,0.3210558431673145,0.377672163584192,0.0,0.0,0.377672163584192,0.0,0.0,0.0,0.0,0.0,0.0,0.0,0.0,0.0,0.0,0.0,0.0,0.0,0.0,0.0,0.0,0.0,0.0,0.377672163584192,0.0,0.0,0.20274507809053355,0.0,0.0,0.0,0.0,0.0,0.0,0.0,0.377672163584192,0.0
3,0.0,0.0,0.0,0.0,0.0,0.0,0.0,0.0,0.0,0.0,0.0,0.0,0.0,0.47703215578117286,0.0,0.0,0.0,0.3547828806028302,0.0,0.0,0.3547828806028302,0.0,0.0,0.0,0.0,0.47703215578117286,0.0,0.47703215578117286,0.0,0.0,0.0,0.0,0.0,0.0,0.0,0.0,0.0,0.25608432656962077,0.0,0.0,0.0,0.0,0.0,0.0,0.0,0.0,0.0
4,0.0,0.0,0.0,0.2905296702925896,0.0,0.0,0.0,0.0,0.0,0.0,0.0,0.0,0.0,0.0,0.0,0.0,0.0,0.0,0.0,0.0,0.0,0.0,0.0,0.0,0.3906389020309504,0.0,0.0,0.0,0.0,0.3906389020309504,0.0,0.3906389020309504,0.0,0.0,0.0,0.0,0.3906389020309504,0.0,0.0,0.0,0.3906389020309504,0.3906389020309504,0.0,0.0,0.0,0.0,0.0
5,0.0,0.0,0.0,0.0,0.0,0.0,0.0,0.0,0.0,0.5182909034319405,0.0,0.0,0.0,0.0,0.0,0.0,0.0,0.0,0.0,0.0,0.0,0.0,0.44059461896295216,0.5182909034319405,0.0,0.0,0.0,0.0,0.0,0.0,0.0,0.0,0.0,0.0,0.0,0.0,0.0,0.0,0.0,0.0,0.0,0.0,0.0,0.0,0.0,0.0,0.5182909034319405
6,0.0,0.0,0.0,0.0,0.0,0.0,0.0,0.446729608766967,0.3797609806593815,0.0,0.446729608766967,0.0,0.0,0.0,0.0,0.0,0.0,0.0,0.0,0.446729608766967,0.0,0.0,0.0,0.0,0.0,0.0,0.0,0.0,0.0,0.0,0.0,0.0,0.0,0.446729608766967,0.0,0.0,0.0,0.23981706397226052,0.0,0.0,0.0,0.0,0.0,0.0,0.0,0.0,0.0
7,0.0,0.0,0.0,0.0,0.42435658024974,0.42435658024974,0.0,0.0,0.0,0.0,0.0,0.0,0.0,0.0,0.0,0.0,0.0,0.0,0.0,0.0,0.3156065018242336,0.0,0.0,0.0,0.0,0.0,0.42435658024974,0.0,0.42435658024974,0.0,0.42435658024974,0.0,0.0,0.0,0.0,0.0,0.0,0.0,0.0,0.0,0.0,0.0,0.0,0.0,0.0,0.0,0.0
8,0.0,0.0,0.0,0.4654555727358646,0.0,0.0,0.0,0.0,0.0,0.0,0.0,0.0,0.0,0.0,0.0,0.0,0.0,0.0,0.62583987960545,0.0,0.0,0.0,0.0,0.0,0.0,0.0,0.0,0.0,0.0,0.0,0.0,0.0,0.0,0.0,0.0,0.0,0.0,0.0,0.0,0.0,0.0,0.0,0.62583987960545,0.0,0.0,0.0,0.0
9,0.0,0.0,0.0,0.0,0.0,0.0,0.0,0.0,0.0,0.0,0.0,0.0,0.0,0.0,0.0,0.0,0.39878366513314173,0.0,0.0,0.0,0.0,0.39878366513314173,0.0,0.0,0.0,0.0,0.0,0.0,0.0,0.0,0.0,0.0,0.39878366513314173,0.0,0.0,0.0,0.0,0.21407832804342836,0.0,0.39878366513314173,0.0,0.0,0.0,0.39878366513314173,0.39878366513314173,0.0,0.0
10,0.0,0.0,0.0,0.0,0.0,0.0,0.4138113663487602,0.0,0.0,0.0,0.0,0.3517774671939856,0.0,0.0,0.4138113663487602,0.0,0.0,0.30776371529711566,0.0,0.0,0.30776371529711566,0.0,0.0,0.0,0.0,0.0,0.0,0.0,0.0,0.0,0.0,0.0,0.0,0.0,0.0,0.3517774671939856,0.0,0.2221456222479232,0.4138113663487602,0.0,0.0,0.0,0.0,0.0,0.0,0.0,0.0
