id,cliente,data,avaliacao,comentario,categoria,sentimento_inicial,tokens,quantidade_tokens
1,Cliente_001,2026-09-01,5,Atendimento excelente e produto chegou antes do prazo,produto,positivo,"['Atendimento', 'excelente', 'e', 'produto', 'chegou', 'antes', 'do', 'prazo']",8
2,Cliente_002,2026-09-01,2,Produto apresentou defeito após poucos dias de uso,produto,negativo,"['Produto', 'apresentou', 'defeito', 'após', 'poucos', 'dias', 'de', 'uso']",8
3,Cliente_003,2026-09-02,4,"Gostei do produto, mas a entrega demorou",entrega,positivo,"['Gostei', 'do', 'produto', ',', 'mas', 'a', 'entrega', 'demorou']",8
4,Cliente_004,2026-09-02,1,Atendimento muito ruim e problema não foi resolvido,atendimento,negativo,"['Atendimento', 'muito', 'ruim', 'e', 'problema', 'não', 'foi', 'resolvido']",8
5,Cliente_005,2026-09-03,5,"Excelente experiência, voltarei a comprar",atendimento,positivo,"['Excelente', 'experiência', ',', 'voltarei', 'a', 'comprar']",6
6,Cliente_006,2026-09-03,3,"Produto bom, porém a embalagem chegou danificada",produto,neutro,"['Produto', 'bom', ',', 'porém', 'a', 'embalagem', 'chegou', 'danificada']",8
7,Cliente_007,2026-09-04,2,A entrega atrasou bastante e ninguém informou o motivo,entrega,negativo,"['A', 'entrega', 'atrasou', 'bastante', 'e', 'ninguém', 'informou', 'o', 'motivo']",9
8,Cliente_008,2026-09-04,5,Atendimento rápido e eficiente,atendimento,positivo,"['Atendimento', 'rápido', 'e', 'eficiente']",4
9,Cliente_009,2026-09-05,1,Recebi o produto errado e tive dificuldade para trocar,produto,negativo,"['Recebi', 'o', 'produto', 'errado', 'e', 'tive', 'dificuldade', 'para', 'trocar']",9
10,Cliente_010,2026-09-05,4,Produto de boa qualidade e entrega dentro do prazo,entrega,positivo,"['Produto', 'de', 'boa', 'qualidade', 'e', 'entrega', 'dentro', 'do', 'prazo']",9
11,Cliente_011,2026-09-06,5,Produto excelente e muito fácil de utilizar,produto,positivo,"['Produto', 'excelente', 'e', 'muito', 'fácil', 'de', 'utilizar']",7
12,Cliente_012,2026-09-06,1,Produto chegou quebrado e o suporte não ajudou,produto,negativo,"['Produto', 'chegou', 'quebrado', 'e', 'o', 'suporte', 'não', 'ajudou']",8
13,Cliente_013,2026-09-07,4,Entrega rápida e produto funcionando perfeitamente,entrega,positivo,"['Entrega', 'rápida', 'e', 'produto', 'funcionando', 'perfeitamente']",6
14,Cliente_014,2026-09-07,2,Demorou muito para receber meu pedido,entrega,negativo,"['Demorou', 'muito', 'para', 'receber', 'meu', 'pedido']",6
15,Cliente_015,2026-09-08,3,Produto atende às expectativas mas poderia ser melhor,produto,neutro,"['Produto', 'atende', 'às', 'expectativas', 'mas', 'poderia', 'ser', 'melhor']",8
16,Cliente_016,2026-09-08,5,Equipe de atendimento muito educada e prestativa,atendimento,positivo,"['Equipe', 'de', 'atendimento', 'muito', 'educada', 'e', 'prestativa']",7
17,Cliente_017,2026-09-09,1,Não consegui resolver meu problema com o atendimento,atendimento,negativo,"['Não', 'consegui', 'resolver', 'meu', 'problema', 'com', 'o', 'atendimento']",8
18,Cliente_018,2026-09-09,4,Fui atendido rapidamente e meu problema foi solucionado,atendimento,positivo,"['Fui', 'atendido', 'rapidamente', 'e', 'meu', 'problema', 'foi', 'solucionado']",8
19,Cliente_019,2026-09-10,3,Atendimento normal sem grandes problemas,atendimento,neutro,"['Atendimento', 'normal', 'sem', 'grandes', 'problemas']",5
20,Cliente_020,2026-09-10,5,Compra excelente e entrega muito rápida,entrega,positivo,"['Compra', 'excelente', 'e', 'entrega', 'muito', 'rápida']",6
21,Cliente_021,2026-09-11,2,Pedido atrasou e chegou com a embalagem danificada,entrega,negativo,"['Pedido', 'atrasou', 'e', 'chegou', 'com', 'a', 'embalagem', 'danificada']",8
22,Cliente_022,2026-09-11,4,Gostei bastante da qualidade do produto,produto,positivo,"['Gostei', 'bastante', 'da', 'qualidade', 'do', 'produto']",6
23,Cliente_023,2026-09-12,1,Produto com defeito e troca muito complicada,produto,negativo,"['Produto', 'com', 'defeito', 'e', 'troca', 'muito', 'complicada']",7
24,Cliente_024,2026-09-12,3,Produto razoável pelo preço pago,produto,neutro,"['Produto', 'razoável', 'pelo', 'preço', 'pago']",5
25,Cliente_025,2026-09-13,5,Ótimo atendimento e excelente experiência,atendimento,positivo,"['Ótimo', 'atendimento', 'e', 'excelente', 'experiência']",5
26,Cliente_026,2026-09-13,2,Atendimento demorou muito para responder,atendimento,negativo,"['Atendimento', 'demorou', 'muito', 'para', 'responder']",5
27,Cliente_027,2026-09-14,4,Pedido chegou no prazo e sem problemas,entrega,positivo,"['Pedido', 'chegou', 'no', 'prazo', 'e', 'sem', 'problemas']",7
28,Cliente_028,2026-09-14,1,Minha entrega não chegou no prazo informado,entrega,negativo,"['Minha', 'entrega', 'não', 'chegou', 'no', 'prazo', 'informado']",7
29,Cliente_029,2026-09-15,3,"A experiência foi satisfatória, mas poderia melhorar",atendimento,neutro,"['A', 'experiência', 'foi', 'satisfatória', ',', 'mas', 'poderia', 'melhorar']",8
30,Cliente_030,2026-09-15,5,Produto superou minhas expectativas,produto,positivo,"['Produto', 'superou', 'minhas', 'expectativas']",4
31,Cliente_031,2026-09-16,2,Produto apresentou problemas durante o uso,produto,negativo,"['Produto', 'apresentou', 'problemas', 'durante', 'o', 'uso']",6
32,Cliente_032,2026-09-16,4,Excelente experiência com a entrega,entrega,positivo,"['Excelente', 'experiência', 'com', 'a', 'entrega']",5
33,Cliente_033,2026-09-17,1,Atendimento não resolveu minha solicitação,atendimento,negativo,"['Atendimento', 'não', 'resolveu', 'minha', 'solicitação']",5
34,Cliente_034,2026-09-17,3,O produto é mediano e atende apenas ao básico,produto,neutro,"['O', 'produto', 'é', 'mediano', 'e', 'atende', 'apenas', 'ao', 'básico']",9
35,Cliente_035,2026-09-18,5,Atendimento muito eficiente e cordial,atendimento,positivo,"['Atendimento', 'muito', 'eficiente', 'e', 'cordial']",5
36,Cliente_036,2026-09-18,2,A entrega demorou e não houve atualização do pedido,entrega,negativo,"['A', 'entrega', 'demorou', 'e', 'não', 'houve', 'atualização', 'do', 'pedido']",9
37,Cliente_037,2026-09-19,4,Produto chegou em perfeito estado,produto,positivo,"['Produto', 'chegou', 'em', 'perfeito', 'estado']",5
38,Cliente_038,2026-09-19,1,Recebi um produto diferente do que comprei,produto,negativo,"['Recebi', 'um', 'produto', 'diferente', 'do', 'que', 'comprei']",7
39,Cliente_039,2026-09-20,3,"Entrega ocorreu normalmente, sem destaque",entrega,neutro,"['Entrega', 'ocorreu', 'normalmente', ',', 'sem', 'destaque']",6
40,Cliente_040,2026-09-20,5,Muito satisfeito com a compra,produto,positivo,"['Muito', 'satisfeito', 'com', 'a', 'compra']",5
41,Cliente_041,2026-09-21,2,Não gostei da qualidade do produto,produto,negativo,"['Não', 'gostei', 'da', 'qualidade', 'do', 'produto']",6
42,Cliente_042,2026-09-21,4,Atendimento solucionou minha dúvida rapidamente,atendimento,positivo,"['Atendimento', 'solucionou', 'minha', 'dúvida', 'rapidamente']",5
43,Cliente_043,2026-09-22,1,Tive uma experiência ruim com o suporte,atendimento,negativo,"['Tive', 'uma', 'experiência', 'ruim', 'com', 'o', 'suporte']",7
44,Cliente_044,2026-09-22,3,Atendimento dentro do esperado,atendimento,neutro,"['Atendimento', 'dentro', 'do', 'esperado']",4
45,Cliente_045,2026-09-23,5,Entrega perfeita e produto excelente,entrega,positivo,"['Entrega', 'perfeita', 'e', 'produto', 'excelente']",5
46,Cliente_046,2026-09-23,2,Pedido chegou atrasado e tive problemas com a entrega,entrega,negativo,"['Pedido', 'chegou', 'atrasado', 'e', 'tive', 'problemas', 'com', 'a', 'entrega']",9
47,Cliente_047,2026-09-24,4,Produto apresentou boa qualidade,produto,positivo,"['Produto', 'apresentou', 'boa', 'qualidade']",4
48,Cliente_048,2026-09-24,1,Não estou satisfeito com o produto recebido,produto,negativo,"['Não', 'estou', 'satisfeito', 'com', 'o', 'produto', 'recebido']",7
49,Cliente_049,2026-09-25,3,Produto razoável e experiência normal,produto,neutro,"['Produto', 'razoável', 'e', 'experiência', 'normal']",5
50,Cliente_050,2026-09-25,5,Excelente experiência do início ao fim,atendimento,positivo,"['Excelente', 'experiência', 'do', 'início', 'ao', 'fim']",6
